Aaron Ramsey,England,2003-01-21,,,Midfielder
Max Aarons,England,2000-01-04,178cm,69kg,Defender
Abdul Rahman Baba,Ghana,1994-07-02,180cm,,Defender
Tammy Abraham,England,1997-10-02,190cm,,Forward
Adam Armstrong,England,1997-02-10,172cm,69kg,Forward
Che Adams,Scotland,1996-07-13,175cm,70kg,Forward
Omotayo Adaramola,Ireland,2003-11-13,,,Defender
Adrián,Spain,1987-01-03,190cm,80kg,Goalkeeper
Sergio Agüero,Argentina,1988-06-02,173cm,,Forward
Derek Agyakwa,Netherlands,2001-12-19,,,Defender
Ahmed El Mohamady,Egypt,1987-09-09,183cm,,Defender
Rayan Aït-Nouri,France,2001-06-06,179cm,70kg,Defender
Kristoffer Ajer,Norway,1998-04-17,196cm,84kg,Defender
Nathan Aké,Netherlands,1995-02-18,180cm,75kg,Defender
Marc Albrighton,England,1989-11-18,175cm,74kg,Midfielder
Toby Alderweireld,Belgium,1989-03-02,186cm,,Defender
Ryan Alebiosu,England,2001-12-17,,,Defender
Alejandro Garnacho,Argentina,2004-07-01,180cm,,Midfielder
Ajibola Alese,England,2001-01-17,,,Defender
Alex Telles,Brazil,1992-12-15,181cm,71kg,Defender
Trent Alexander-Arnold,England,1998-10-07,175cm,69kg,Defender
Ezgjan Alioski,North Macedonia,1992-02-12,173cm,,Midfielder
Alisson,Brazil,1992-10-02,191cm,91kg,Goalkeeper
Allan,Brazil,1991-01-08,173cm,73kg,Midfielder
Dele Alli,England,1996-04-11,188cm,76kg,Midfielder
Miguel Almirón,Paraguay,1994-02-10,174cm,70kg,Midfielder
Marcos Alonso,Spain,1990-12-28,188cm,84kg,Defender
Jaime Alvarado,Colombia,1999-07-26,179cm,,Midfielder
Julián Álvarez,Argentina,2000-01-31,173cm,,Forward
Will Alves,England,2005-02-04,,,Forward
Steven Alzate,Colombia,1998-09-08,180cm,75kg,Midfielder
Daniel Amartey,Ghana,1994-12-21,186cm,79kg,Defender
Ethan Ampadu,Wales,2000-09-14,183cm,,Defender
Joachim Andersen,Denmark,1996-05-31,192cm,90kg,Defender
Joseph Anderson,England,2001-02-06,,,Defender
Florin Andone,Romania,1993-04-11,180cm,,Forward
André Gomes,Portugal,1993-07-30,188cm,84kg,Midfielder
Andreas Pereira,Brazil,1996-01-01,178cm,,Midfielder
Vincent Angelini,Scotland,2003-09-12,186cm,,Goalkeeper
Angeliño,Spain,1997-01-04,175cm,,Defender
Faustino Anjorin,England,2001-11-23,185cm,,Midfielder
Michail Antonio,Jamaica,1990-03-28,180cm,82kg,Forward
Keenan Appiah-Forson,England,2001-10-16,,,Midfielder
Billy Arce,Ecuador,1998-07-12,178cm,,Midfielder
Cameron Archer,England,2001-12-09,,,Forward
Alphonse Areola,France,1993-02-27,195cm,94kg,Goalkeeper
Kepa Arrizabalaga,Spain,1994-10-03,189cm,84kg,Goalkeeper
Harrison Ashby,Scotland,2001-11-14,,,Defender
Yaser Asprilla,Colombia,2003-11-19,185cm,,Midfielder
Ryan Astley,Wales,2001-10-04,,,Defender
Christian Atsu,Ghana,1992-01-10,165cm,,Midfielder
Pierre-Emerick Aubameyang,Gabon,1989-06-18,187cm,,Forward
Serge Aurier,Cote D’Ivoire,1992-12-24,176cm,,Defender
Brandon Austin,England,1999-01-07,188cm,82kg,Goalkeeper
Zach Awe,England,2004-01-09,,,Defender
Taiwo Awoniyi,Nigeria,1997-08-12,183cm,,Forward
Jordan Ayew,Ghana,1991-09-11,182cm,80kg,Forward
Luke Ayling,England,1991-08-25,185cm,72kg,Defender
Miguel Azeez,England,2002-09-20,,,Midfielder
César Azpilicueta,Spain,1989-08-28,178cm,76kg,Defender
Kwadwo Baah,Germany,2003-01-27,,,Midfielder
Daniel Bachmann,Austria,1994-07-09,191cm,81kg,Goalkeeper
Leon Bailey,Jamaica,1997-08-09,178cm,77kg,Forward
Eric Bailly,Cote D’Ivoire,1994-04-12,187cm,77kg,Defender
Tiemoué Bakayoko,France,1994-08-17,185cm,,Midfielder
Lewis Baker,England,1995-04-25,182cm,,Midfielder
James Balagizi,England,2003-09-20,,,Midfielder
Fabián Balbuena,Paraguay,1991-08-23,188cm,,Defender
Ellery Balcombe,England,1999-10-15,190cm,,Goalkeeper
Gareth Bale,Wales,1989-07-16,185cm,,Forward
Folarin Balogun,England,2001-07-03,178cm,,Forward
Tudor Baluta,Romania,1999-03-27,192cm,80kg,Defender
Patrick Bamford,England,1993-09-05,185cm,71kg,Forward
Beni Baningime,DR Congo,1998-09-09,178cm,,Midfielder
Scott Banks,Scotland,2001-09-26,,,Midfielder
Shandon Baptiste,Grenada,1998-04-08,175cm,71kg,Midfielder
Daniel Barden,Wales,2001-01-02,195cm,,Goalkeeper
Phil Bardsley,Scotland,1985-06-28,180cm,74kg,Defender
Ross Barkley,England,1993-12-05,189cm,76kg,Midfielder
Ashley Barnes,England,1989-10-30,186cm,77kg,Forward
Mason Barrett,England,1999-09-24,,,Defender
Louie Barry,England,2003-06-21,,,Forward
Lewis Bate,England,2002-10-28,,,Midfielder
Michy Batshuayi,Belgium,1993-10-02,184cm,,Forward
Nathan Baxter,England,1998-11-08,191cm,,Goalkeeper
Mads Bech Sørensen,Denmark,1999-01-07,189cm,92kg,Defender
Owen Beck,Wales,2002-08-09,,,Defender
Jan Bednarek,Poland,1996-04-12,189cm,77kg,Defender
Asmir Begovic,Bosnia & Herzegovina,1987-06-20,199cm,101kg,Goalkeeper
Héctor Bellerín,Spain,1995-03-19,178cm,,Defender
Filip Benkovic,Croatia,1997-07-13,194cm,,Defender
J'Neil Bennett,England,2001-12-07,,,Midfielder
Saïd Benrahma,Algeria,1995-08-10,172cm,67kg,Forward
Josh Benson,England,1999-12-05,175cm,,Midfielder
Rodrigo Bentancur,Uruguay,1997-06-25,187cm,72kg,Midfielder
Christian Benteke,Belgium,1990-12-03,190cm,83kg,Forward
Gaetano Berardi,Switzerland,1988-08-21,179cm,,Defender
Lucas Bergström,Finland,2002-09-05,,,Goalkeeper
Steven Bergwijn,Netherlands,1997-10-08,178cm,78kg,Forward
Adrián Bernabé,Spain,2001-05-26,170cm,,Midfielder
Bernard,Brazil,1992-09-08,164cm,,Forward
Bernardo,Brazil,1995-05-14,186cm,,Defender
Bernardo Silva,Portugal,1994-08-10,173cm,64kg,Midfielder
Ryan Bertrand,England,1989-08-05,179cm,85kg,Defender
Muhamed Besic,Bosnia & Herzegovina,1992-09-10,180cm,,Midfielder
Marcus Bettinelli,England,1992-05-24,194cm,82kg,Goalkeeper
Mads Bidstrup,Denmark,2001-02-25,175cm,,Midfielder
Mika Biereth,England,2003-02-08,,,Forward
Nathan Bishop,England,1999-10-15,185cm,,Goalkeeper
Yves Bissouma,Mali,1996-08-30,182cm,80kg,Midfielder
Harvey Blair,England,2003-09-14,,,Forward
Oscar Bobb,Norway,2003-07-12,,,Midfielder
Lamare Bogarde,Netherlands,2004-01-05,,,Midfielder
Mateusz Bogusz,Poland,2001-08-22,175cm,,Midfielder
Bendeguz Bolla,Hungary,1999-11-22,,,Defender
Luke Bolton,England,1999-10-07,174cm,,Midfielder
Willy Boly,Cote D’Ivoire,1991-02-03,195cm,92kg,Defender
Jamie Bowden,Ireland,2001-07-09,,,Midfielder
Jarrod Bowen,England,1996-12-20,175cm,70kg,Forward
Conor Bradley,Northern Ireland,2003-07-09,,,Midfielder
Robbie Brady,Ireland,1992-01-14,176cm,,Midfielder
Jarrad Branthwaite,England,2002-06-27,195cm,82kg,Defender
Sammy Braybrooke,England,2004-03-12,,,Midfielder
Mungo Bridge,England,2000-09-12,,,Forward
Nathan Broadhead,Wales,1998-04-05,178cm,,Forward
Armando Broja,Albania,2001-09-10,191cm,,Forward
Josh Brownhill,England,1995-12-19,180cm,69kg,Midfielder
Bruno Fernandes,Portugal,1994-09-08,179cm,69kg,Midfielder
Bruno Guimarães,Brazil,1997-11-16,182cm,74kg,Midfielder
Bruno Jordão,Portugal,1998-10-12,180cm,,Midfielder
Lewis Brunt,England,2000-11-06,,,Midfielder
Emiliano Buendía,Argentina,1996-12-25,172cm,72kg,Midfielder
Hugo Bueno,Spain,2002-09-18,180cm,73kg,Defender
Dan Burn,England,1992-05-09,198cm,87kg,Defender
Finley Burns,England,2003-06-17,,,Defender
Jack Butland,England,1993-03-10,196cm,95kg,Goalkeeper
Sam Byram,England,1993-09-16,180cm,72kg,Defender
Willy Caballero,Argentina,1981-09-28,186cm,81kg,Goalkeeper
Gary Cahill,England,1985-12-19,193cm,,Defender
Moisés Caicedo,Ecuador,2001-11-02,178cm,73kg,Midfielder
Jake Cain,England,2001-09-02,,,Midfielder
Caleb Chukwuemeka,England,2002-01-25,,,Forward
Callum Rowe,England,1999-09-02,,,Defender
Dominic Calvert-Lewin,England,1997-03-16,187cm,71kg,Forward
Leonardo Campana,Ecuador,2000-07-24,187cm,,Forward
Chem Campbell,Wales,2002-12-30,,,Midfielder
Sergi Canós,Spain,1997-02-02,177cm,75kg,Forward
Todd Cantwell,England,1998-02-27,177cm,,Midfielder
Elia Caprile,Italy,2001-08-25,,,Goalkeeper
Carlos Vinícius,Brazil,1995-03-25,190cm,,Forward
Andy Carroll,England,1989-01-06,193cm,,Forward
Scott Carson,England,1985-09-03,190cm,76kg,Goalkeeper
Cameron Carter-Vickers,United States,1997-12-31,183cm,,Defender
Oliver Casey,England,2000-10-14,188cm,,Defender
Matthew Cash,Poland,1997-08-07,185cm,,Defender
Timothy Castagne,Belgium,1995-12-05,185cm,80kg,Defender
Craig Cathcart,Northern Ireland,1989-02-06,188cm,73kg,Defender
Edinson Cavani,Uruguay,1987-02-14,184cm,71kg,Forward
Dani Ceballos,Spain,1996-08-07,179cm,,Midfielder
Cédric Soares,Portugal,1991-08-31,172cm,67kg,Defender
Kallum Cesay,England,2002-09-04,,,Defender
Trevoh Chalobah,England,1999-07-05,190cm,75kg,Defender
Calum Chambers,England,1995-01-20,182cm,66kg,Defender
Shea Charles,Northern Ireland,2003-11-05,,,Defender
Kgaogelo Chauke,England,2003-01-08,,,Midfielder
Daniel Chesters,England,2002-04-04,,,Midfielder
Ben Chilwell,England,1996-12-21,178cm,77kg,Defender
Chiquinho,Portugal,2000-02-05,179cm,73kg,Forward
Hamza Choudhury,England,1997-10-01,178cm,64kg,Midfielder
Benjamin Chrisene,England,2004-01-12,,,Midfielder
Andreas Christensen,Denmark,1996-04-10,187cm,82kg,Defender
Christian Marques,Portugal,2003-01-15,187cm,,Defender
Carney Chukwuemeka,England,2003-10-20,,,Midfielder
Dennis Cirkin,England,2002-04-06,181cm,,Defender
CJ Egan-Riley,England,2003-01-02,,,Defender
Ciaran Clark,Ireland,1989-09-26,185cm,88kg,Defender
Harry Clarke,England,2001-03-02,,,Defender
Jake Clarke-Salter,England,1997-09-22,188cm,,Defender
Leighton Clarkson,England,2001-10-19,175cm,,Midfielder
Tom Cleverley,England,1989-08-12,175cm,67kg,Midfielder
Nathaniel Clyne,England,1991-04-05,175cm,67kg,Defender
Conor Coady,England,1993-02-25,185cm,73kg,Midfielder
Alex Cochrane,England,2000-04-21,,,Defender
Séamus Coleman,Ireland,1988-10-11,177cm,67kg,Defender
Nathan Collins,Ireland,2001-04-30,193cm,,Defender
Aaron Connolly,Ireland,2000-01-28,,,Forward
Kamil Conteh,England,2002-12-26,177cm,,Midfielder
Liam Cooper,Scotland,1991-08-30,180cm,73kg,Defender
Theo Corbeanu,Canada,2002-05-17,190cm,,Forward
Jack Cork,England,1989-06-25,183cm,70kg,Midfielder
Maxwel Cornet,Cote D’Ivoire,1996-09-27,179cm,69kg,Midfielder
Dara Costelloe,Ireland,2002-12-11,,,Forward
Ben Cottrell,England,2001-10-31,,,Midfielder
Vladimir Coufal,Czech Republic,1992-08-22,179cm,76kg,Defender
Conor Coventry,Ireland,2000-03-25,177cm,,Midfielder
Matthew Cox,England,2003-05-02,,,Goalkeeper
Charlie Cresswell,England,2002-08-17,,,Defender
Kane Crichlow,Bermuda,2000-08-21,,,Midfielder
Cristiano Ronaldo,Portugal,1985-02-05,187cm,83kg,Forward
Cucho Hernández,Colombia,1999-04-20,176cm,73kg,Forward
Marc Cucurella,Spain,1998-07-22,172cm,66kg,Defender
Jamie Cumming,England,1999-09-04,186cm,,Goalkeeper
Luke Cundle,England,2002-04-26,,,Midfielder
Patrick Cutrone,Italy,1998-01-03,183cm,,Forward
Pontus Dahlberg,Sweden,1999-01-21,194cm,,Goalkeeper
Patson Daka,Zambia,1998-10-09,183cm,71kg,Forward
Sam Dalby,England,1999-12-07,,,Forward
Vontae Daley-Campbell,England,2001-04-02,,,Defender
Stuart Dallas,Northern Ireland,1991-04-19,183cm,81kg,Midfielder
Henrik Dalsgaard,Denmark,1989-07-27,192cm,,Defender
Daniel Podence,Portugal,1995-10-21,165cm,58kg,Midfielder
Luke Daniels,England,1988-01-05,185cm,,Goalkeeper
Scott Dann,England,1987-02-14,188cm,,Defender
Karl Darlow,England,1990-10-08,190cm,88kg,Goalkeeper
Josh Dasilva,England,1998-10-23,184cm,75kg,Midfielder
David Luiz,Brazil,1987-04-22,189cm,,Defender
Tom Davies,England,1998-06-30,180cm,70kg,Midfielder
Keinan Davis,England,1998-02-13,191cm,,Forward
Craig Dawson,England,1990-05-06,188cm,82kg,Defender
Laurens De Bock,Belgium,1992-11-07,179cm,74kg,Defender
Lucas De Bolle,Scotland,2002-10-22,,,Midfielder
Kevin De Bruyne,Belgium,1991-06-28,181cm,68kg,Midfielder
David de Gea,Spain,1990-11-07,192cm,76kg,Goalkeeper
Troy Deeney,England,1988-06-29,183cm,,Forward
Liam Delap,England,2003-02-08,,,Forward
Fabian Delph,England,1989-11-21,174cm,60kg,Midfielder
Lars Dendoncker,Belgium,2001-04-03,,,Defender
Emmanuel Dennis,Nigeria,1997-11-15,175cm,67kg,Forward
Halil Dervisoglu,Turkey,1999-12-08,183cm,,Forward
Alfie Devine,England,2004-08-01,179cm,75kg,Midfielder
Kiernan Dewsbury-Hall,England,1998-09-06,,,Midfielder
Amad Diallo,Cote D’Ivoire,2002-07-11,173cm,,Forward
Luis Díaz,Colombia,1997-01-13,178cm,65kg,Forward
Thomas Dickson-Peters,Scotland,2002-09-16,,,Forward
Eric Dier,England,1994-01-15,188cm,88kg,Defender
Lucas Digne,France,1993-07-20,178cm,74kg,Defender
Diogo Dalot,Portugal,1999-03-18,183cm,76kg,Defender
Diogo Jota,Portugal,1996-12-04,178cm,68kg,Forward
Issa Diop,France,1997-01-09,194cm,92kg,Defender
Elijah Dixon-Bonner,England,2001-01-01,,,Midfielder
Moussa Djenepo,Mali,1998-06-15,177cm,65kg,Midfielder
Lewis Dobbin,England,2003-01-03,,,Forward
Owen Dodgson,England,2003-03-19,,,Defender
Matt Doherty,Ireland,1992-01-16,182cm,80kg,Defender
Domingos Quina,Portugal,1999-11-18,179cm,,Midfielder
Abdoulaye Doucouré,Mali,1993-01-01,184cm,75kg,Midfielder
Douglas Luiz,Brazil,1998-05-09,175cm,66kg,Midfielder
Kieran Dowell,England,1997-10-10,175cm,70kg,Midfielder
Tommy Doyle,England,2001-10-17,,,Midfielder
Cody Drameh,England,2001-12-08,,,Defender
Danny Drinkwater,England,1990-03-05,178cm,,Midfielder
Anthony Driscoll-Glennon,England,1999-11-26,181cm,,Defender
Martin Dúbravka,Slovakia,1989-01-15,190cm,83kg,Goalkeeper
Shane Duffy,Ireland,1992-01-01,193cm,76kg,Defender
Paul Dummett,Wales,1991-09-26,183cm,82kg,Defender
Lewis Dunk,England,1991-11-21,192cm,88kg,Defender
Jimmy Dunne,Ireland,1997-10-19,183cm,,Defender
Frankie Ealing,England,2004-07-14,,,Defender
Ederson,Brazil,1993-08-17,188cm,86kg,Goalkeeper
Odsonne Édouard,France,1998-01-16,187cm,83kg,Forward
Samuel Edozie,England,2003-01-28,,,Forward
Edward Rowe,England,2003-10-17,,,Midfielder
Pierre Ekwah,France,2002-01-15,,,Defender
Anwar El Ghazi,Netherlands,1995-05-03,188cm,90kg,Midfielder
Anthony Elanga,Sweden,2002-04-27,178cm,,Forward
Robert Elliot,Ireland,1986-04-30,190cm,94kg,Goalkeeper
Harvey Elliott,England,2003-04-04,170cm,,Midfielder
Mohamed Elyounoussi,Norway,1994-08-04,178cm,70kg,Midfielder
Emerson,Italy,1994-08-03,176cm,,Defender
Emerson Royal,Brazil,1999-01-14,181cm,79kg,Defender
Emiliano Marcondes,Denmark,1995-03-09,182cm,,Midfielder
Björn Engels,Belgium,1994-09-15,193cm,,Defender
Christian Eriksen,Denmark,1992-02-14,182cm,76kg,Midfielder
Peter Etebo,Nigeria,1995-11-09,172cm,70kg,Midfielder
Jonny Evans,Northern Ireland,1988-01-03,188cm,77kg,Defender
Oliver Ewing,Wales,2003-01-03,,,Midfielder
Timothy Eyoma,England,2000-01-29,183cm,,Defender
Eberechi Eze,England,1998-06-29,,,Midfielder
Lukasz Fabianski,Poland,1985-04-18,190cm,83kg,Goalkeeper
Fabinho,Brazil,1993-10-23,188cm,78kg,Midfielder
Fábio Silva,Portugal,2002-07-19,185cm,75kg,Forward
Malachi Fagan-Walcott,England,2002-03-11,,,Defender
Akin Famewo,England,1998-11-09,187cm,,Defender
Juan Familia-Castillo,Netherlands,2000-01-13,,,Defender
Josh Feeney,England,2005-05-06,,,Midfielder
Felipe Anderson,Brazil,1993-04-15,175cm,,Midfielder
Felix Nmecha,Germany,2000-10-10,188cm,,Midfielder
Kiko Femenía,Spain,1991-02-02,176cm,61kg,Defender
Evan Ferguson,Ireland,2004-10-19,,,Forward
Álvaro Fernández,Spain,1998-04-13,185cm,75kg,Goalkeeper
Fernandinho,Brazil,1985-05-04,179cm,67kg,Midfielder
Will Ferry,Ireland,2000-12-07,176cm,,Midfielder
Ryan Finnigan,England,2003-09-23,,,Midfielder
Junior Firpo,Spain,1996-08-22,184cm,78kg,Defender
William Fish,England,2003-02-17,185cm,,Defender
Ethan Fitzhugh,England,2002-11-27,,,Midfielder
Ashley Fletcher,England,1995-10-02,185cm,,Forward
Marcelo Flores,Mexico,2003-10-01,,,Midfielder
Shane Flynn,Ireland,2001-10-14,,,Midfielder
Phil Foden,England,2000-05-28,171cm,70kg,Midfielder
Wesley Fofana,France,2000-12-17,190cm,,Defender
Shaqai Forde,England,2004-05-05,,,Midfielder
Pablo Fornals,Spain,1996-02-22,178cm,67kg,Midfielder
Adam Forshaw,England,1991-10-08,174cm,71kg,Midfielder
Marcus Forss,Finland,1999-06-18,182cm,,Forward
Fraser Forster,England,1988-03-17,201cm,93kg,Goalkeeper
Ben Foster,England,1983-04-03,193cm,79kg,Goalkeeper
Tariqe Fosu-Henry,Ghana,1995-11-05,180cm,75kg,Midfielder
Ryan Fraser,Scotland,1994-02-24,163cm,70kg,Midfielder
Melkamu Frauendorf,Germany,2004-01-12,,,Forward
Fred,Brazil,1993-03-05,169cm,64kg,Midfielder
Ryan Fredericks,England,1992-10-10,181cm,74kg,Defender
Christian Fuchs,Austria,1986-04-07,187cm,,Defender
James Furlong,Ireland,2002-06-07,,,Defender
Gabriel Jesus,Brazil,1997-04-03,175cm,73kg,Forward
Gabriel Magalhães,Brazil,1997-12-19,190cm,78kg,Defender
Gabriel Martinelli,Brazil,2001-06-18,178cm,75kg,Midfielder
Ethan Galbraith,Northern Ireland,2001-05-11,175cm,,Midfielder
Conor Gallagher,England,2000-02-06,182cm,,Midfielder
Eric García,Spain,2001-01-09,182cm,,Defender
James Garner,England,2001-03-13,186cm,,Midfielder
Dwight Gayle,England,1989-10-17,174cm,78kg,Forward
Jean-Philippe Gbamin,Cote D’Ivoire,1995-09-25,186cm,,Midfielder
Joe Gelhardt,England,2002-05-04,175cm,65kg,Forward
Rachid Ghezzal,Algeria,1992-05-09,182cm,,Midfielder
Saman Ghoddos,Iran,1993-09-06,176cm,75kg,Forward
Dimitris Giannoulis,Greece,1995-10-17,175cm,62kg,Defender
Liam Gibbs,England,2002-12-16,,,Midfielder
Morgan Gibbs-White,England,2000-01-27,171cm,,Midfielder
Ben Gibson,England,1993-01-15,185cm,78kg,Defender
Bryan Gil,Spain,2001-02-11,175cm,,Forward
Alex Gilbert,Ireland,2001-12-28,,,Forward
Ryan Giles,England,2000-01-26,179cm,,Midfielder
Mark Gillespie,England,1992-03-27,192cm,83kg,Goalkeeper
Billy Gilmour,Scotland,2001-06-11,166cm,60kg,Midfielder
Olivier Giroud,France,1986-09-30,192cm,,Forward
Ben Godfrey,England,1998-01-15,183cm,74kg,Defender
Pierluigi Gollini,Italy,1995-03-18,194cm,94kg,Goalkeeper
Claudio Gomes,France,2000-07-23,164cm,,Midfielder
Joseph Gomez,England,1997-05-23,188cm,77kg,Defender
Charlie Goode,England,1995-08-03,196cm,,Defender
Lewis Gordon,England,2001-02-12,,,Defender
Dan Gosling,England,1990-02-01,183cm,79kg,Midfielder
Kamil Grabara,Poland,1999-01-08,195cm,,Goalkeeper
Lee Grant,England,1983-01-27,193cm,83kg,Goalkeeper
Demarai Gray,England,1996-06-28,180cm,74kg,Forward
Jack Grealish,England,1995-09-10,175cm,68kg,Midfielder
Sam Greenwood,England,2002-01-26,185cm,,Forward
Pascal Groß,Germany,1991-06-15,181cm,78kg,Midfielder
Marko Grujic,Serbia,1996-04-13,191cm,,Midfielder
Vicente Guaita,Spain,1987-01-10,190cm,81kg,Goalkeeper
Jóhann Gudmundsson,Iceland,1990-10-27,186cm,78kg,Midfielder
Marc Guéhi,England,2000-07-13,182cm,82kg,Defender
Mattéo Guendouzi,France,1999-04-14,185cm,,Midfielder
Frédéric Guilbert,France,1994-12-24,178cm,,Defender
Ilkay Gündogan,Germany,1990-10-24,180cm,80kg,Midfielder
Angus Gunn,England,1996-01-22,196cm,77kg,Goalkeeper
Patrik Gunnarsson,Iceland,2000-11-15,190cm,84kg,Goalkeeper
Peter Gwargis,Sweden,2000-09-04,,,Midfielder
Viktor Gyökeres,Sweden,1998-06-04,187cm,,Forward
Micah Hamilton,England,2003-11-13,,,Midfielder
Grant Hanley,Scotland,1991-11-20,187cm,81kg,Defender
Reece Hannam,England,2000-09-11,,,Defender
Bjorn Hardley,Netherlands,2002-12-19,,,Defender
Jack Harrison,England,1996-11-20,175cm,70kg,Midfielder
Harrison Sohna,England,2002-07-01,,,Midfielder
Joe Hart,England,1987-04-19,196cm,,Goalkeeper
Taylor Harwood-Bellis,England,2002-01-30,188cm,,Defender
Kortney Hause,England,1995-07-16,191cm,77kg,Midfielder
Kai Havertz,Germany,1999-06-11,188cm,83kg,Midfielder
Kaine Hayden,England,2002-10-23,,,Defender
Maxwell Haygarth,England,2002-01-21,,,Midfielder
Tom Heaton,England,1986-04-15,188cm,85kg,Goalkeeper
Karl Hein,Estonia,2002-04-13,193cm,,Goalkeeper
Philip Heise,Germany,1991-06-20,184cm,,Defender
Hélder Costa,Angola,1994-01-12,178cm,,Forward
Mark Helm,England,2001-10-21,,,Midfielder
Stephen Henderson,Ireland,1988-05-02,193cm,,Goalkeeper
Jeff Hendrick,Ireland,1992-01-31,185cm,,Midfielder
Wayne Hennessey,Wales,1987-01-24,198cm,90kg,Goalkeeper
Rico Henry,England,1997-07-08,170cm,67kg,Defender
Jack Henry-Francis,Ireland,2003-09-23,,,Midfielder
Onel Hernández,Cuba,1993-02-01,172cm,,Midfielder
James Hillson,England,2001-01-14,,,Goalkeeper
Leo Fuhr Hjelde,Norway,2003-08-26,188cm,,Defender
Wesley Hoedt,Netherlands,1994-03-06,188cm,,Defender
Ki-Jana Hoever,Netherlands,2002-01-18,180cm,65kg,Midfielder
Rob Holding,England,1995-09-20,189cm,75kg,Defender
Mason Holgate,England,1996-10-22,184cm,63kg,Defender
Nathan Holland,England,1998-06-19,178cm,,Midfielder
Conor Hourihane,Ireland,1991-02-02,180cm,,Midfielder
Callum Hudson-Odoi,England,2000-11-07,182cm,76kg,Forward
Niall Huggins,Wales,2000-12-18,,,Defender
Will Hughes,England,1995-04-17,185cm,74kg,Midfielder
Joe Hugill,England,2003-10-19,,,Forward
Joseph Hungbo,England,2000-01-15,,,Midfielder
Mackenzie Hunt,England,2001-11-14,,,Midfielder
Omari Hutchinson,England,2003-10-29,,,Midfielder
Hwang Hee-Chan,South Korea,1996-01-26,177cm,77kg,Forward
Pierre-Emile Højbjerg,Denmark,1995-08-05,187cm,84kg,Midfielder
Adam Idah,Ireland,2001-02-11,190cm,83kg,Forward
Kelechi Iheanacho,Nigeria,1996-10-03,185cm,82kg,Forward
Danny Ings,England,1992-07-23,178cm,73kg,Forward
Tim Iroegbunam,England,2003-06-30,,,Midfielder
Einar Iversen,Norway,2001-06-06,,,Midfielder
Alexander Iwobi,Nigeria,1996-05-03,180cm,75kg,Forward
José Izquierdo,Colombia,1992-07-07,171cm,,Forward
Jaroslaw Jach,Poland,1994-02-17,192cm,,Defender
Alireza Jahanbakhsh,Iran,1993-08-11,180cm,,Forward
Eldin Jakupovic,Switzerland,1984-10-02,191cm,85kg,Goalkeeper
Reece James,England,1999-12-08,182cm,82kg,Defender
Vitaly Janelt,Germany,1998-05-10,184cm,79kg,Midfielder
Alexandre Jankewitz,Switzerland,2001-12-25,179cm,,Midfielder
Pontus Jansson,Sweden,1991-02-13,194cm,89kg,Defender
Vítezslav Jaros,Czech Republic,2001-07-23,,,Goalkeeper
Taylor Jay-Hart,England,2003-12-18,179cm,,Midfielder
Julian Jeanvier,Guinea,1992-03-31,185cm,84kg,Defender
Jack Jenkins,England,2002-03-23,,,Midfielder
Teddy Jenks,England,2002-03-12,191cm,,Midfielder
Mathias Jensen,Denmark,1996-01-01,180cm,68kg,Midfielder
Jeong Sang-Bin,South Korea,2002-04-01,173cm,,Forward
Raúl Jiménez,Mexico,1991-05-05,190cm,76kg,Forward
João Cancelo,Portugal,1994-05-27,182cm,74kg,Defender
João Moutinho,Portugal,1986-09-08,170cm,61kg,Midfielder
João Pedro,Brazil,2001-09-26,182cm,70kg,Forward
João Virgínia,Portugal,1999-10-10,198cm,,Goalkeeper
Joelinton,Brazil,1996-08-14,186cm,81kg,Forward
Kyle John,England,2001-02-13,,,Defender
Tyreece John-Jules,England,2001-02-14,183cm,,Forward
Ben Johnson,England,2000-01-24,175cm,67kg,Midfielder
Curtis Jones,England,2001-01-30,185cm,75kg,Midfielder
Jonny,Spain,1994-03-03,175cm,70kg,Defender
Jorginho,Italy,1991-12-20,180cm,65kg,Midfielder
José Sá,Portugal,1993-01-17,192cm,84kg,Goalkeeper
James Justin,England,1998-02-23,183cm,80kg,Defender
Ozan Kabak,Turkey,2000-03-25,186cm,86kg,Defender
Christian Kabasele,Belgium,1991-02-24,187cm,84kg,Defender
Lovre Kalinic,Croatia,1990-04-03,201cm,,Goalkeeper
Samuel Kalu,Nigeria,1997-08-26,176cm,74kg,Forward
Abu Kamara,England,,,,Defender
Harry Kane,England,1993-07-28,188cm,86kg,Forward
N'Golo Kanté,France,1991-03-29,168cm,68kg,Midfielder
Michal Karbownik,Poland,2001-03-13,,,Defender
Loris Karius,Germany,1993-06-22,189cm,87kg,Goalkeeper
Hayao Kawabe,Japan,1995-09-08,178cm,,Midfielder
Edo Kayembe,DR Congo,1998-06-03,183cm,77kg,Midfielder
Kayky,Brazil,2003-06-11,175cm,68kg,Forward
Moise Kean,Italy,2000-02-28,183cm,,Forward
Michael Keane,England,1993-01-11,191cm,82kg,Defender
Naby Keïta,Guinea,1995-02-10,172cm,64kg,Midfielder
Caoimhin Kelleher,Ireland,1998-11-23,178cm,74kg,Goalkeeper
Martin Kelly,England,1990-04-27,191cm,77kg,Defender
Kenedy,Brazil,1996-02-08,182cm,77kg,Forward
Nohan Kenneh,England,2003-01-10,,,Midfielder
Jonjoe Kenny,England,1997-03-15,176cm,67kg,Defender
Reda Khadra,Germany,2001-07-04,,,Midfielder
Kiko Casilla,Spain,1986-10-02,190cm,,Goalkeeper
Maximilian Kilman,England,1997-05-23,,,Defender
Joshua King,Norway,1992-01-15,180cm,74kg,Forward
Nya Kirby,England,2000-01-31,174cm,,Midfielder
Alex Kirk,England,2002-10-27,,,Defender
Kristoffer Klaesson,Norway,2000-11-27,189cm,76kg,Goalkeeper
Mateusz Klich,Poland,1990-06-13,183cm,84kg,Midfielder
Timm Klose,Switzerland,1988-05-09,193cm,,Defender
Josh Knight,England,1997-09-07,185cm,,Defender
Robin Koch,Germany,1996-07-17,192cm,85kg,Defender
Sead Kolasinac,Bosnia & Herzegovina,1993-06-20,183cm,,Defender
Ibrahima Konaté,France,1999-05-25,194cm,95kg,Defender
Ezri Konsa,England,1997-10-23,183cm,77kg,Defender
Billy Koumetio,France,2002-11-14,,,Defender
Cheikhou Kouyaté,Senegal,1989-12-21,189cm,83kg,Midfielder
Mateo Kovacic,Croatia,1994-05-06,178cm,78kg,Midfielder
Matej Kovár,Czech Republic,2000-05-17,184cm,,Goalkeeper
Kacper Kozlowski,Poland,2003-10-16,177cm,,Midfielder
Emil Krafth,Sweden,1994-08-02,184cm,83kg,Defender
Alex Král,Czech Republic,1998-05-19,185cm,72kg,Midfielder
Tim Krul,Netherlands,1988-04-03,188cm,84kg,Goalkeeper
Juraj Kucka,Slovakia,1987-02-26,186cm,86kg,Midfielder
Dejan Kulusevski,Sweden,2000-04-25,186cm,80kg,Midfielder
Alexandre Lacazette,France,1991-05-28,175cm,73kg,Forward
Adam Lallana,England,1988-05-10,172cm,73kg,Midfielder
Erik Lamela,Argentina,1992-03-04,181cm,,Midfielder
Tariq Lamptey,England,2000-09-30,,,Defender
Daniel Langley,England,2000-12-28,,,Goalkeeper
Henri Lansbury,England,1990-10-12,183cm,,Midfielder
Manuel Lanzini,Argentina,1993-02-15,167cm,59kg,Midfielder
Aymeric Laporte,Spain,1994-05-27,191cm,86kg,Defender
Jamaal Lascelles,England,1993-11-11,188cm,89kg,Defender
Roméo Lavia,Belgium,2004-01-06,,,Midfielder
Marcel Lavinier,Portugal,2000-12-16,180cm,,Midfielder
Achraf Lazaar,Morocco,1992-01-22,184cm,,Defender
Zan-Luk Leban,Slovenia,2002-12-15,,,Goalkeeper
Pierre Lees-Melou,France,1993-05-25,185cm,69kg,Midfielder
Florian Lejeune,France,1991-05-20,189cm,,Defender
Dexter Lembikisa,England,2003-11-04,,,Defender
Mario Lemina,Gabon,1993-09-01,184cm,,Midfielder
Aaron Lennon,England,1987-04-16,165cm,63kg,Midfielder
Bernd Leno,Germany,1992-03-04,190cm,83kg,Goalkeeper
Marc Leonard,Scotland,2001-12-19,,,Midfielder
Thakgalo Leshabela,South Africa,1999-09-18,175cm,,Midfielder
Dylan Levitt,Wales,2000-11-17,180cm,,Midfielder
Jamal Lewis,Northern Ireland,1998-01-25,178cm,70kg,Defender
Lewis Hall,England,2004-09-08,,,Midfielder
Victor Lindelöf,Sweden,1994-07-17,187cm,80kg,Defender
Hayden Lindley,England,2002-09-02,,,Midfielder
Jesse Lingard,England,1992-12-15,175cm,62kg,Midfielder
Valentino Livramento,England,2002-11-12,,,Defender
Diego Llorente,Spain,1993-08-16,186cm,75kg,Defender
Hugo Lloris,France,1986-12-26,188cm,82kg,Goalkeeper
Giovani Lo Celso,Argentina,1996-04-09,177cm,,Midfielder
Jürgen Locadia,Netherlands,1993-11-07,187cm,,Forward
Ruben Loftus-Cheek,England,1996-01-23,191cm,88kg,Midfielder
Andy Lonergan,England,1983-10-19,192cm,87kg,Goalkeeper
Kevin Long,Ireland,1990-08-18,188cm,83kg,Defender
Emmanuel Longelo,England,2000-12-27,,,Forward
Matthew Longstaff,England,2000-03-21,,,Midfielder
Nigel Lonwijk,Netherlands,2002-10-27,188cm,,Defender
Ademola Lookman,Nigeria,1997-10-20,174cm,71kg,Forward
Joel Lopez Salguero,Spain,2002-03-31,,,Defender
Jonas Lössl,Denmark,1989-02-01,195cm,89kg,Goalkeeper
Imrân Louza,Morocco,1999-05-01,178cm,65kg,Midfielder
Matthew Lowton,England,1989-06-09,180cm,78kg,Defender
Lucas Moura,Brazil,1992-08-13,172cm,72kg,Forward
Romelu Lukaku,Belgium,1993-05-13,190cm,93kg,Forward
Lyanco,Brazil,1997-02-01,187cm,85kg,Defender
Brooklyn Lyons-Foster,England,2000-12-01,,,Defender
Isaac Mabaya,England,2004-09-22,,,Defender
Alexis Mac Allister,Argentina,1998-12-24,176cm,72kg,Midfielder
James Maddison,England,1996-11-23,175cm,73kg,Midfielder
Paris Maghoma,England,2001-05-08,,,Midfielder
Harry Maguire,England,1993-03-05,194cm,100kg,Defender
Riyad Mahrez,Algeria,1991-02-21,179cm,67kg,Forward
Ainsley Maitland-Niles,England,1997-08-29,177cm,,Midfielder
Malachi Boateng,England,2002-07-05,,,Midfielder
Anthony Mancini,France,2001-04-06,180cm,,Midfielder
Sadio Mané,Senegal,1992-04-10,175cm,69kg,Forward
Javier Manquillo,Spain,1994-05-05,178cm,76kg,Defender
Marçal,Brazil,1989-02-19,178cm,74kg,Defender
Marcelo Pitaluga,Brazil,2002-12-20,192cm,77kg,Goalkeeper
Solly March,England,1994-07-20,180cm,88kg,Midfielder
Pablo Marí,Spain,1993-08-31,193cm,,Defender
Dilan Markanday,England,2001-08-20,,,Forward
Filip Marschall,England,2003-04-24,,,Goalkeeper
Anthony Martial,France,1995-12-05,181cm,,Forward
Josh Martin,England,2001-09-09,,,Midfielder
Emiliano Martínez,Argentina,1992-09-02,195cm,88kg,Goalkeeper
Adam Masina,Morocco,1994-01-02,189cm,78kg,Defender
Arthur Masuaku,DR Congo,1993-11-07,179cm,70kg,Defender
Tawanda Maswanhise,England,2002-11-20,,,Midfielder
Juan Mata,Spain,1988-04-28,170cm,63kg,Midfielder
Jean-Philippe Mateta,France,1997-06-28,192cm,88kg,Forward
Nemanja Matic,Serbia,1988-08-01,194cm,85kg,Midfielder
Joel Matip,Cameroon,1991-08-08,195cm,90kg,Defender
Matthew Craig,Scotland,2003-04-16,,,Midfielder
Remi Matthews,England,1994-02-10,184cm,78kg,Goalkeeper
Neal Maupay,France,1996-08-14,173cm,69kg,Forward
Luke Mbete,England,2003-09-18,,,Defender
Bryan Mbeumo,France,1999-08-07,171cm,,Midfielder
Xavier Mbuyamba,Netherlands,2001-12-31,,,Defender
Reece McAlear,Scotland,2002-02-12,185cm,,Midfielder
James McArthur,Scotland,1987-10-07,178cm,75kg,Midfielder
James McAtee,England,2002-10-18,,,Midfielder
Kasey McAteer,England,2001-11-22,,,Midfielder
Alfie McCalmont,Northern Ireland,2000-03-25,,,Midfielder
Liam McCarron,Scotland,2001-03-07,175cm,,Midfielder
James McCarthy,Ireland,1990-11-12,180cm,,Midfielder
Jon McCracken,Scotland,2000-05-24,,,Goalkeeper
Thomas McGill,England,2000-03-25,,,Goalkeeper
John McGinn,Scotland,1994-10-18,178cm,68kg,Midfielder
Joseph McGlynn,Scotland,2002-09-27,,,Forward
Michael McGovern,Northern Ireland,1984-07-12,191cm,89kg,Goalkeeper
Stuart McKinstry,Scotland,2002-09-18,,,Midfielder
Kenny McLean,Scotland,1992-01-08,183cm,70kg,Midfielder
Dwight McNeil,England,1999-11-22,183cm,68kg,Midfielder
Scott McTominay,Scotland,1996-12-08,193cm,88kg,Midfielder
Ben Mee,England,1989-09-21,180cm,74kg,Defender
Hannibal Mejbri,Tunisia,2003-01-21,177cm,,Midfielder
Édouard Mendy,Senegal,1992-03-01,197cm,86kg,Goalkeeper
Teden Mengi,England,2002-04-30,183cm,,Defender
Illan Meslier,France,2000-03-02,193cm,74kg,Goalkeeper
Matt Miazga,United States,1995-07-19,191cm,,Defender
Michael Craig,Scotland,2003-04-16,,,Midfielder
Luka Milivojevic,Serbia,1991-04-07,186cm,80kg,Midfielder
James Milner,England,1986-01-04,175cm,70kg,Midfielder
Yerry Mina,Colombia,1994-09-23,195cm,94kg,Defender
Takumi Minamino,Japan,1995-01-16,174cm,68kg,Forward
Tyrone Mings,England,1993-03-13,196cm,77kg,Defender
Tyrick Mitchell,England,1999-09-01,,,Defender
Kaoru Mitoma,Japan,1997-05-20,178cm,,Forward
Jan Mlakar,Slovenia,1998-10-23,183cm,,Forward
Jakub Moder,Poland,1999-04-07,188cm,78kg,Midfielder
Mohamed Elneny,Egypt,1992-07-11,180cm,70kg,Midfielder
Mohamed Salah,Egypt,1992-06-15,175cm,71kg,Forward
Jayson Molumby,Ireland,1999-08-06,,,Midfielder
Jacob Montes,United States,1998-10-20,,,Midfielder
Kris Moore,England,2003-11-13,,,Defender
Andrew Moran,Ireland,2003-10-15,,,Midfielder
Pablo Moreno,Spain,2002-05-03,174cm,,Forward
Wes Morgan,Jamaica,1984-01-21,186cm,,Defender
James Morris,England,2001-11-23,,,Defender
Tyler Morton,England,2002-10-31,,,Midfielder
Victor Moses,Nigeria,1990-12-12,177cm,,Midfielder
Yerson Mosquera,Colombia,2001-05-02,187cm,76kg,Defender
Louie Moulden,England,2002-01-06,,,Goalkeeper
Mason Mount,England,1999-01-10,178cm,70kg,Midfielder
Bali Mumba,England,2001-10-01,,,Defender
Joel Mumbongo,Sweden,1999-01-09,188cm,,Forward
Romaine Mundle,England,2003-04-24,,,Midfielder
Arijanet Muric,Kosovo,1998-11-07,198cm,,Goalkeeper
Jacob Murphy,England,1995-02-24,179cm,74kg,Midfielder
Glenn Murray,England,1983-09-25,183cm,,Forward
Charly Musonda,Belgium,1996-10-15,173cm,,Midfielder
Yoshinori Muto,Japan,1992-07-15,179cm,,Forward
Enock Mwepu,Zambia,1998-01-01,184cm,76kg,Midfielder
Vitalii Mykolenko,Ukraine,1999-05-29,180cm,71kg,Defender
Daniel N'Lundulu,England,1999-02-05,185cm,,Forward
Marvelous Nakamba,Zimbabwe,1994-01-19,178cm,71kg,Midfielder
Richard Nartey,England,1998-09-06,184cm,,Defender
Marc Navarro,Spain,1995-07-02,188cm,,Defender
Wilfred Ndidi,Nigeria,1996-12-16,183cm,74kg,Midfielder
Tanguy Ndombele,France,1996-12-28,181cm,,Midfielder
Reiss Nelson,England,1999-12-10,175cm,,Forward
Nélson Semedo,Portugal,1993-11-16,177cm,67kg,Defender
Jeremy Ngakia,England,2000-09-07,,,Defender
Saúl Ñíguez,Spain,1994-11-21,184cm,76kg,Midfielder
Eddie Nketiah,England,1999-05-30,175cm,72kg,Forward
Nicolas Nkoulou,Cameroon,1990-03-27,184cm,77kg,Defender
Niels Nkounkou,France,2000-11-01,180cm,,Defender
Mark Noble,England,1987-05-08,180cm,70kg,Midfielder
Mathias Normann,Norway,1996-05-28,179cm,75kg,Midfielder
Will Norris,England,1993-08-12,195cm,74kg,Goalkeeper
Nuno Tavares,Portugal,2000-01-26,183cm,75kg,Defender
Ørjan Nyland,Norway,1990-09-10,192cm,,Goalkeeper
Christian Nørgaard,Denmark,1994-03-10,187cm,76kg,Midfielder
Kane O'Connor,Scotland,2001-01-17,,,Defender
Michael Obafemi,Ireland,2000-07-06,169cm,,Forward
Ademipo Odubeko,Ireland,2002-10-21,,,Forward
Chituru Odunze,United States,2002-10-14,200cm,,Goalkeeper
Odeluga Offiah,England,2002-10-26,,,Defender
Angelo Ogbonna,Italy,1988-05-23,191cm,86kg,Defender
Mazeed Ogungbo,Ireland,2002-10-20,,,Defender
Sheyi Ojo,England,1997-06-19,177cm,,Midfielder
Jakub Ojrzynski,Poland,2003-02-19,,,Goalkeeper
Armstrong Oko-Flex,Ireland,2002-03-02,,,Forward
Arthur Okonkwo,England,2001-09-09,198cm,,Goalkeeper
Maduka Okoye,Nigeria,1999-08-28,197cm,,Goalkeeper
Jaakko Oksanen,Finland,2000-11-07,,,Midfielder
Kazeem Olaigbe,Belgium,2003-01-02,,,Forward
Michael Olise,France,2001-12-12,176cm,,Midfielder
Robin Olsen,Sweden,1990-01-08,198cm,89kg,Goalkeeper
Josh Oluwayemi,England,2001-03-13,,,Goalkeeper
Andrew Omobamidele,Ireland,2002-06-23,188cm,,Defender
Tobi Omole,England,1999-12-17,,,Defender
Akos Onodi,Hungary,2001-09-02,,,Goalkeeper
Tyler Onyango,England,2003-03-04,190cm,,Midfielder
Frank Onyeka,Nigeria,1998-01-01,183cm,,Midfielder
Divock Origi,Belgium,1995-04-18,185cm,75kg,Forward
Owen Otasowie,United States,2001-01-06,191cm,,Midfielder
Salah-Eddine Oulad M'hand,Netherlands,2003-08-20,,,Midfielder
Aston Oxborough,England,1998-05-09,,,Goalkeeper
Alex Oxlade-Chamberlain,England,1993-08-15,180cm,70kg,Midfielder
Daniel Oyegoke,England,2003-01-03,,,Defender
Pablo Hernández,Spain,1985-04-11,173cm,,Midfielder
Cole Palmer,England,2002-05-06,,,Midfielder
Erik Palmer-Brown,United States,1997-04-24,187cm,,Defender
Pape Sarr,Senegal,2002-09-14,185cm,,Midfielder
Adam Parkes,England,1999-11-30,,,Goalkeeper
Troy Parrott,Ireland,2002-02-04,185cm,,Forward
Thomas Partey,Ghana,1993-06-13,185cm,77kg,Midfielder
Maksim Paskotsi,Estonia,2003-01-19,,,Defender
Charlie Patino,England,2003-10-17,,,Midfielder
Nathan Patterson,Scotland,2001-10-16,183cm,72kg,Defender
Bailey Peacock-Farrell,Northern Ireland,1996-10-29,193cm,,Goalkeeper
Myles Peart-Harris,England,2002-09-18,,,Midfielder
Pedro Neto,Portugal,2000-03-09,172cm,69kg,Forward
Facundo Pellistri,Uruguay,2001-12-20,175cm,69kg,Midfielder
Adalberto Peñaranda,Venezuela,1997-05-31,185cm,,Forward
Nicolas Pépé,Cote D’Ivoire,1995-05-29,183cm,73kg,Forward
Ayoze Pérez,Spain,1993-07-29,178cm,72kg,Forward
Stipe Perica,Croatia,1995-07-07,192cm,,Forward
Sonny Perkins,England,2004-02-10,,,Midfielder
Romain Perraud,France,1997-09-22,173cm,68kg,Defender
Taylor Perry,England,2001-07-15,,,Midfielder
Philippe Coutinho,Brazil,1992-06-12,172cm,68kg,Midfielder
Kalvin Phillips,England,1995-12-02,178cm,72kg,Midfielder
Jaden Philogene-Bidace,England,2002-02-08,,,Midfielder
Jordan Pickford,England,1994-03-07,185cm,77kg,Goalkeeper
Erik Pieters,Netherlands,1988-08-07,183cm,84kg,Defender
Ethan Pinnock,Jamaica,1993-05-29,187cm,79kg,Defender
Przemyslaw Placheta,Poland,1998-03-23,177cm,72kg,Midfielder
Luke Plange,England,2002-11-04,178cm,,Forward
Maurizio Pochettino,Spain,2001-03-30,,,Midfielder
Paul Pogba,France,1993-03-15,191cm,84kg,Midfielder
Matthew Pollock,England,2001-09-28,,,Defender
Nick Pope,England,1992-04-19,191cm,76kg,Goalkeeper
Freddie Potts,England,2003-09-12,,,Midfielder
Ian Poveda-Ocampo,England,2000-02-09,165cm,,Forward
Iker Pozo,Spain,2000-08-06,,,Midfielder
Dennis Praet,Belgium,1994-05-14,181cm,,Midfielder
Aaron Pressley,Scotland,2001-11-07,189cm,,Forward
Isaac Price,Northern Ireland,2003-09-26,,,Forward
Davy Pröpper,Netherlands,1991-09-02,185cm,,Midfielder
Teemu Pukki,Finland,1990-03-29,180cm,75kg,Forward
Christian Pulisic,United States,1998-09-18,172cm,69kg,Midfielder
Ignacio Pussetto,Argentina,1995-12-21,180cm,74kg,Forward
Jarell Quansah,England,2003-01-29,,,Defender
Xavi Quintillá,Spain,1996-08-23,183cm,,Defender
Luka Racic,Denmark,1999-05-08,,,Defender
Rafa Mir,Spain,1997-06-18,191cm,,Forward
Arjan Raikhy,England,2002-10-20,,,Midfielder
Jesurun Rak-Sakyi,England,2002-10-05,,,Midfielder
Kayne Ramsay,England,2000-10-10,,,Defender
Aaron Ramsdale,England,1998-05-14,188cm,77kg,Goalkeeper
Jacob Ramsey,England,2001-05-28,,,Midfielder
Darren Randolph,Ireland,1987-05-12,188cm,98kg,Goalkeeper
Raphinha,Brazil,1996-12-14,176cm,68kg,Forward
Marcus Rashford,England,1997-10-31,180cm,70kg,Forward
Milot Rashica,Kosovo,1996-06-28,177cm,73kg,Midfielder
David Raya,Spain,1995-09-15,183cm,80kg,Goalkeeper
Nathan Redmond,England,1994-03-06,173cm,69kg,Midfielder
Sergio Reguilón,Spain,1996-12-16,178cm,68kg,Defender
Winston Reid,New Zealand,1988-07-03,190cm,,Defender
Omar Rekik,Tunisia,2001-12-20,186cm,,Defender
Rhys Williams,England,2001-02-03,195cm,,Defender
Ricardo Pereira,Portugal,1993-10-06,175cm,70kg,Defender
Declan Rice,England,1999-01-14,185cm,76kg,Midfielder
Taylor Richards,England,2000-12-04,180cm,,Midfielder
Lewis Richardson,England,2003-02-07,,,Forward
Richarlison,Brazil,1997-05-10,184cm,83kg,Forward
Jairo Riedewald,Netherlands,1996-09-09,182cm,79kg,Defender
Matt Ritchie,Scotland,1989-09-10,172cm,76kg,Midfielder
Roberto Firmino,Brazil,1991-10-02,181cm,76kg,Forward
Haydon Roberts,England,2002-05-10,,,Defender
Andrew Robertson,Scotland,1994-03-11,178cm,64kg,Defender
Joe Rodon,Wales,1997-10-22,180cm,70kg,Defender
Rodri,Spain,1996-06-22,191cm,82kg,Midfielder
Rodrigo,Spain,1991-03-06,182cm,77kg,Forward
Jay Rodriguez,England,1989-07-29,185cm,84kg,Forward
Mads Roerslev,Denmark,1999-06-24,184cm,77kg,Defender
Morgan Rogers,England,2002-07-26,,,Forward
Sergio Romero,Argentina,1987-02-22,192cm,,Goalkeeper
Oriol Romeu,Spain,1991-09-24,183cm,83kg,Midfielder
Salomón Rondón,Venezuela,1989-09-16,186cm,98kg,Forward
Danny Rose,England,1990-07-02,173cm,72kg,Defender
Jonathan Rowe,England,2003-04-30,173cm,,Forward
Rúben Dias,Portugal,1997-05-14,186cm,76kg,Defender
Rúben Neves,Portugal,1997-03-13,180cm,80kg,Midfielder
Rúben Vinagre,Portugal,1999-04-09,174cm,,Defender
John Ruddy,England,1986-10-24,193cm,97kg,Goalkeeper
Antonio Rüdiger,Germany,1993-03-03,190cm,85kg,Defender
Rui Patrício,Portugal,1988-02-15,190cm,,Goalkeeper
Rúnar Rúnarsson,Iceland,1995-02-18,186cm,,Goalkeeper
Lukas Rupp,Germany,1991-01-08,178cm,73kg,Midfielder
Mathew Ryan,Australia,1992-04-08,184cm,,Goalkeeper
Allan Saint-Maximin,France,1997-03-12,173cm,67kg,Forward
Romain Saïss,Morocco,1990-03-26,190cm,80kg,Midfielder
Henri Saivet,Senegal,1990-10-26,174cm,,Midfielder
Bukayo Saka,England,2001-09-05,178cm,65kg,Midfielder
Mamadou Sakho,France,1990-02-13,187cm,,Defender
William Saliba,France,2001-03-24,192cm,,Defender
Mohammed Salisu,Ghana,1999-04-17,191cm,82kg,Defender
Mbwana Samatta,Tanzania,1992-12-23,183cm,,Forward
Albert Sambi Lokonga,Belgium,1999-10-22,173cm,67kg,Midfielder
Samir,Brazil,1994-12-05,189cm,73kg,Defender
Robert Sánchez,Spain,1997-11-18,197cm,90kg,Goalkeeper
Jadon Sancho,England,2000-03-25,180cm,76kg,Forward
Dion Sanderson,England,1999-12-15,,,Defender
Philippe Sandler,Netherlands,1997-02-10,188cm,,Defender
Morgan Sanson,France,1994-08-18,180cm,73kg,Midfielder
Joshua Sargent,United States,2000-02-20,185cm,79kg,Forward
Matija Sarkic,Montenegro,1997-07-23,195cm,,Goalkeeper
Jeremy Sarmiento,Ecuador,2002-06-16,,,Forward
Malang Sarr,France,1999-01-23,182cm,73kg,Defender
Charlie Savage,Wales,2003-05-02,,,Midfielder
Dane Scarlett,England,2004-03-24,180cm,76kg,Forward
Fabian Schär,Switzerland,1991-12-20,188cm,84kg,Defender
Kjell Scherpen,Netherlands,2000-01-23,204cm,98kg,Goalkeeper
Jeffrey Schlupp,Ghana,1992-12-23,178cm,72kg,Midfielder
Kasper Schmeichel,Denmark,1986-11-05,189cm,89kg,Goalkeeper
Ken Sema,Sweden,1993-09-30,180cm,69kg,Midfielder
Ryan Sessegnon,England,2000-05-18,178cm,70kg,Midfielder
Meritan Shabani,Germany,1999-03-15,185cm,,Midfielder
Jamie Shackleton,England,1999-10-08,168cm,65kg,Midfielder
Xherdan Shaqiri,Switzerland,1991-10-10,169cm,,Midfielder
Teddy Sharman-Lowe,England,2003-03-30,189cm,73kg,Goalkeeper
Luke Shaw,England,1995-07-12,185cm,75kg,Defender
Jonjo Shelvey,England,1992-02-27,184cm,80kg,Midfielder
Nathan Shepperd,Wales,2000-09-10,,,Goalkeeper
Shola Shoretire,England,2004-02-02,170cm,,Forward
Sidnei Tavares,Portugal,2001-09-29,,,Midfielder
Francisco Sierralta,Chile,1997-05-06,190cm,83kg,Defender
Gylfi Sigurdsson,Iceland,1989-09-08,186cm,,Midfielder
Abdallah Sima,Senegal,2001-06-17,,,Forward
Dynel Simeu,England,2002-03-13,186cm,,Defender
Ellis Simms,England,2001-01-05,,,Forward
Kamarai Simon-Swyer,England,2002-12-04,,,Midfielder
Xavier Simons,England,2003-02-20,,,Midfielder
Danel Sinani,Luxembourg,1997-04-05,185cm,,Midfielder
Viljami Sinisalo,Finland,2001-10-11,,,Goalkeeper
Moussa Sissoko,France,1989-08-16,187cm,83kg,Midfielder
Melvin Sitti,France,2000-02-14,182cm,,Midfielder
Oliver Skipp,England,2000-09-16,175cm,70kg,Midfielder
Cieran Slicker,Scotland,2002-09-15,,,Goalkeeper
Thierry Small,England,2004-08-01,,,Defender
William Smallbone,Ireland,2000-02-21,,,Forward
Tom Smith,England,2002-01-30,,,Goalkeeper
Emile Smith Rowe,England,2000-07-28,182cm,79kg,Midfielder
Son Heung-Min,South Korea,1992-07-08,183cm,78kg,Forward
Andreas Söndergaard,Denmark,2001-01-17,189cm,,Goalkeeper
Jude Soonsup-Bell,England,2004-01-10,,,Forward
Sebastian Soto,United States,2000-07-28,183cm,,Forward
Tomas Soucek,Czech Republic,1995-02-27,192cm,86kg,Midfielder
Boubakary Soumaré,France,1999-02-27,188cm,70kg,Midfielder
Kamal Sowah,Ghana,2000-01-09,179cm,,Midfielder
Çaglar Söyüncü,Turkey,1996-05-23,185cm,82kg,Defender
Tony Springett,England,,,,Midfielder
Jason Steele,England,1990-08-18,188cm,79kg,Goalkeeper
Jed Steer,England,1992-09-23,183cm,,Goalkeeper
Zack Steffen,United States,1995-04-02,191cm,86kg,Goalkeeper
Dale Stephens,England,1989-06-12,169cm,71kg,Midfielder
Dujon Sterling,England,1999-10-24,186cm,,Defender
Finley Stevens,Wales,2003-04-10,,,Defender
Toby Stevenson,England,1999-11-22,,,Defender
Marco Stiepermann,Germany,1991-02-09,190cm,,Forward
Jakub Stolarczyk,Poland,2000-12-19,,,Goalkeeper
John Stones,England,1994-05-28,188cm,70kg,Defender
James Storer,England,,,,Goalkeeper
Robert Street,England,2001-09-26,,,Forward
Pascal Struijk,Netherlands,1999-08-11,190cm,,Defender
Stuart Armstrong,Scotland,1992-03-30,183cm,75kg,Midfielder
Isaac Success,Nigeria,1996-01-07,186cm,,Forward
Thanawat Suengchitthawon,Thailand,2000-01-08,,,Midfielder
Crysencio Summerville,Netherlands,2001-10-30,174cm,,Midfielder
Zak Swanson,England,2000-09-28,,,Defender
Sil Swinkels,Netherlands,2004-01-06,,,Defender
Jacob Sørensen,Denmark,1998-03-03,,,Midfielder
Michael Tait,England,2001-01-29,,,Forward
Japhet Tanganga,England,1999-03-31,184cm,76kg,Defender
Matt Targett,England,1995-09-18,183cm,70kg,Defender
James Tarkowski,England,1992-11-19,185cm,81kg,Defender
Percy Tau,South Africa,1994-05-13,175cm,,Forward
Neil Taylor,Wales,1989-02-07,176cm,,Defender
Allan Tchaptchet,France,2001-12-21,193cm,,Defender
Nathan Tella,England,1999-07-05,,,Midfielder
Thiago,Spain,1991-04-11,174cm,70kg,Midfielder
Thiago Silva,Brazil,1984-09-22,183cm,79kg,Defender
Bobby Thomas,England,2001-01-30,,,Defender
Dominic Thompson,England,2000-07-26,,,Defender
Youri Tielemans,Belgium,1997-05-07,176cm,72kg,Midfielder
Kieran Tierney,Scotland,1997-06-05,178cm,70kg,Defender
Tom Dele-Bashiru,Nigeria,1999-09-17,183cm,,Midfielder
Takehiro Tomiyasu,Japan,1998-11-05,188cm,70kg,Defender
James Tomkins,England,1989-03-29,192cm,74kg,Defender
Jonathan Tomkinson,United States,2002-04-11,,,Defender
Tommi O'Reilly,England,2003-12-15,,,Midfielder
Fikayo Tomori,England,1997-12-19,185cm,,Defender
Ivan Toney,England,1996-03-16,179cm,70kg,Forward
Lucas Torreira,Uruguay,1996-02-11,168cm,,Midfielder
Ferran Torres,Spain,2000-02-29,184cm,,Forward
Cenk Tosun,Turkey,1991-06-07,183cm,78kg,Forward
Toti,Portugal,1999-01-16,187cm,72kg,Defender
Andros Townsend,England,1991-07-16,181cm,77kg,Midfielder
James Trafford,England,2002-10-10,,,Goalkeeper
Bertrand Traoré,Burkina Faso,1995-09-06,181cm,73kg,Forward
Trézéguet,Egypt,1994-10-01,180cm,,Midfielder
Trincão,Portugal,1999-12-29,184cm,70kg,Forward
Kieran Trippier,England,1990-09-19,178cm,71kg,Defender
William Troost-Ekong,Nigeria,1993-09-01,191cm,82kg,Defender
Leandro Trossard,Belgium,1994-12-04,171cm,61kg,Forward
Nathan Trott,England,1998-11-21,188cm,,Goalkeeper
Auston Trusty,United States,1998-08-12,191cm,,Defender
Tom Trybull,Germany,1993-03-09,181cm,,Midfielder
Konstantinos Tsimikas,Greece,1996-05-12,178cm,77kg,Defender
Antef Tsoungui,England,2002-12-30,,,Defender
Axel Tuanzebe,England,1997-11-14,186cm,,Defender
Ozan Tufan,Turkey,1995-03-23,179cm,,Midfielder
Ed Turns,Wales,2002-10-18,,,Defender
Harry Tyrer,England,2001-12-06,,,Goalkeeper
Christos Tzolis,Greece,2002-01-30,184cm,,Forward
Iké Ugbo,Canada,1998-09-21,184cm,,Forward
Deniz Undav,Germany,1996-07-19,179cm,,Forward
Cengiz Ünder,Turkey,1997-07-14,173cm,,Forward
Harvey Vale,England,2003-09-11,,,Midfielder
Joel Valencia,Ecuador,1994-11-16,164cm,,Forward
Yan Valery,France,1999-02-22,180cm,85kg,Defender
Patrick van Aanholt,Netherlands,1990-08-29,176cm,,Defender
Donny van de Beek,Netherlands,1997-04-18,184cm,76kg,Midfielder
Virgil van Dijk,Netherlands,1991-07-08,193cm,92kg,Defender
Mikki van Sas,Netherlands,2004-02-29,,,Goalkeeper
Raphaël Varane,France,1993-04-25,191cm,81kg,Defender
Jamie Vardy,England,1987-01-11,179cm,74kg,Forward
Indiana Vassilev,United States,2001-02-16,173cm,,Forward
Joël Veltman,Netherlands,1992-01-15,184cm,75kg,Defender
Jannik Vestergaard,Denmark,1992-08-03,199cm,98kg,Defender
Vitinha,Portugal,2000-02-13,172cm,,Midfielder
Nikola Vlasic,Croatia,1997-10-04,178cm,72kg,Midfielder
Jake Vokins,England,2000-03-17,180cm,,Defender
Mario Vrancic,Bosnia & Herzegovina,1989-05-23,187cm,,Midfielder
Matej Vydra,Czech Republic,1992-05-01,180cm,71kg,Midfielder
Theo Walcott,England,1989-03-16,176cm,68kg,Forward
Jake Walker,England,2000-11-03,,,Defender
Kyle Walker-Peters,England,1997-04-13,173cm,62kg,Defender
Sam Waller,England,2003-09-09,,,Goalkeeper
Christian Walton,England,1995-11-09,182cm,,Goalkeeper
Aaron Wan-Bissaka,England,1997-11-26,183cm,72kg,Defender
Wanya Marçal-Madivadua,Portugal,2002-10-19,,,Midfielder
Joel Ward,England,1989-10-29,188cm,83kg,Defender
James Ward-Prowse,England,1994-11-01,173cm,66kg,Midfielder
Ollie Watkins,England,1995-12-30,180cm,70kg,Forward
Caleb Watts,Australia,2002-01-16,171cm,,Midfielder
Adam Webster,England,1995-01-04,191cm,75kg,Defender
Wout Weghorst,Netherlands,1992-08-07,197cm,84kg,Forward
Jensen Weir,England,2002-01-31,184cm,,Midfielder
Danny Welbeck,England,1990-11-26,185cm,73kg,Forward
Reece Welch,England,2003-09-19,,,Defender
Jack Wells-Morrison,England,2004-02-18,,,Midfielder
Timo Werner,Germany,1996-03-06,180cm,75kg,Forward
Wesley Moraes,Brazil,1996-11-26,191cm,,Forward
Ashley Westwood,England,1990-04-01,175cm,80kg,Midfielder
Charlie Whitaker,England,2003-09-16,,,Midfielder
Benjamin White,England,1997-10-08,182cm,78kg,Defender
Alfie Whiteman,England,1998-10-02,189cm,,Goalkeeper
Connor Wickham,England,1993-03-31,191cm,,Forward
Georginio Wijnaldum,Netherlands,1990-11-11,175cm,,Midfielder
Dylan Williams,England,2003-09-13,,,Defender
Willian,Brazil,1988-08-09,175cm,,Forward
Willian José,Brazil,1991-11-23,189cm,,Forward
Joseph Willock,England,1999-08-20,179cm,71kg,Midfielder
Ben Wilmot,England,1999-11-04,188cm,,Defender
Harry Wilson,Wales,1997-03-22,173cm,,Midfielder
Tosin Adarabioyo,England,1997-09-24,196cm,,Defender
Dennis Adeniran,England,1999-01-02,180cm,,Midfielder
Adrien Silva,Portugal,1989-03-15,171cm,,Midfielder
Oladapo Afolayan,England,1997-09-11,180cm,,Forward
Ahmed Hegazi,Egypt,1991-01-25,193cm,,Defender
Ola Aina,Nigeria,1996-10-08,184cm,,Defender
Semi Ajayi,Nigeria,1993-11-09,193cm,,Defender
Albian Ajeti,Switzerland,1997-02-26,183cm,,Forward
Aleksandar Mitrovic,Serbia,1994-09-16,189cm,,Forward
Ali Koiki,England,1999-08-22,,,Defender
Frederik Alves,Denmark,1999-11-08,195cm,,Defender
Joseph Anang,England,2000-06-08,,,Goalkeeper
Elliot Anderson,Scotland,2002-11-06,,,Midfielder
Antonee Robinson,United States,1997-08-08,183cm,,Defender
Harry Arter,Ireland,1989-12-28,176cm,,Midfielder
Finn Azaz,England,2000-09-07,,,Midfielder
Leighton Baines,England,1984-12-11,170cm,,Defender
George Baldock,England,1993-03-09,178cm,,Defender
Danny Ballard,Northern Ireland,1999-09-22,187cm,,Defender
Jamal Baptiste,England,2003-11-11,,,Defender
Daniel Barlaser,England,1997-01-18,184cm,,Midfielder
Kyle Bartley,England,1991-05-22,185cm,,Defender
Chris Basham,England,1988-07-20,190cm,,Defender
Jack Bearne,England,2001-09-15,,,Midfielder
Ryan Bennett,England,1990-03-06,188cm,,Defender
Nabil Bentaleb,Algeria,1994-11-24,187cm,,Midfielder
Sander Berge,Norway,1998-02-14,195cm,,Midfielder
Bernardo Rosa,Brazil,2000-09-20,,,Midfielder
Jayden Bogle,England,2000-07-27,178cm,,Defender
Tolaji Bola,England,1999-01-04,188cm,,Defender
Yannick Bolasie,DR Congo,1989-05-24,188cm,,Forward
Jonathan Bond,England,1993-05-19,196cm,,Goalkeeper
Sofiane Boufal,Morocco,1993-09-17,170cm,,Midfielder
Morgan Boyes,Wales,2001-04-22,177cm,,Defender
Claudio Bravo,Chile,1983-04-13,184cm,,Goalkeeper
Rhian Brewster,England,2000-04-01,180cm,,Forward
George Broadbent,England,2000-09-30,188cm,,Midfielder
Zak Brunt,England,2001-11-17,,,Midfielder
Joe Bryan,England,1993-09-17,173cm,,Defender
Oliver Burke,Scotland,1997-04-07,188cm,,Midfielder
Robbie Burton,Wales,1999-12-26,176cm,,Midfielder
David Button,England,1989-02-27,191cm,,Goalkeeper
Oskar Buur,Denmark,1998-03-31,180cm,,Defender
Tom Cairney,Scotland,1991-01-20,186cm,,Midfielder
Guido Carrillo,Argentina,1991-05-25,191cm,,Forward
Fabio Carvalho,Portugal,2002-08-30,,,Midfielder
Lewis Cass,England,2000-02-27,,,Defender
Tahith Chong,Netherlands,1999-12-04,185cm,,Forward
Cyrus Christie,Ireland,1992-09-30,188cm,,Defender
Leon Clarke,England,1985-02-10,188cm,,Forward
Thomas Clayton,Scotland,2000-12-27,,,Defender
Ismaila Coulibaly,Mali,2000-12-25,183cm,,Midfielder
Josh Cullen,Ireland,1996-04-07,175cm,,Midfielder
Kevin Danso,Austria,1998-09-19,190cm,,Defender
Bobby De Cordova-Reid,Jamaica,1993-02-02,170cm,,Forward
Luca de la Torre,United States,1998-05-23,177cm,,Midfielder
Fousseni Diabaté,Mali,1995-10-18,175cm,,Forward
Cheikh Diaby,France,2000-03-07,,,Forward
Mbaye Diagne,Senegal,1991-10-28,191cm,,Forward
Mamadou Dialla Sylla,Spain,2003-01-26,179cm,,Midfielder
Grady Diangana,England,1998-04-19,180cm,,Midfielder
Alpha Richard Dionkou,Senegal,2001-10-10,183cm,,Defender
Mikkel Diskerud,United States,1990-10-02,184cm,,Midfielder
Barry Douglas,Scotland,1989-09-04,176cm,,Defender
Jake Eastwood,England,1996-10-03,193cm,,Goalkeeper
Ryan Edmondson,England,2001-05-20,,,Forward
Kyle Edwards,England,1998-02-17,172cm,,Midfielder
John Egan,Ireland,1992-10-20,185cm,,Defender
Elias Sorensen,Denmark,1999-09-18,,,Forward
Ulrick Eneme-Ella,Gabon,2001-05-22,184cm,,Forward
Fabri,Spain,1987-12-31,184cm,,Goalkeeper
Josh Felix-Eppiah,Belgium,1998-10-11,179cm,,Forward
Nathan Ferguson,England,2000-10-06,178cm,74kg,Defender
Federico Fernández,Argentina,1989-02-21,190cm,83kg,Defender
Sam Field,England,1998-05-08,191cm,,Midfielder
John Fleck,Scotland,1991-08-24,170cm,,Midfielder
Wes Foderingham,England,1991-01-14,185cm,,Goalkeeper
Timothy Fosu-Mensah,Netherlands,1998-01-02,185cm,,Defender
Juan Foyth,Argentina,1998-01-12,179cm,,Defender
Tyrese Francois,Australia,2000-07-16,166cm,,Midfielder
Luke Freeman,England,1992-03-22,181cm,,Midfielder
Darnell Furlong,England,1995-10-31,183cm,,Defender
Tony Gallacher,Scotland,1999-07-23,173cm,,Defender
Taylor Gardner-Hickman,England,2001-12-30,,,Defender
Paulo Gazzaniga,Argentina,1992-01-02,196cm,,Goalkeeper
Gedson Fernandes,Portugal,1999-01-09,182cm,,Midfielder
Kieran Gibbs,England,1989-09-26,181cm,,Defender
Gonçalo Cardoso,Portugal,2000-10-21,189cm,,Defender
Mace Goodridge,England,1999-09-13,180cm,,Midfielder
John-Kymani Gordon,England,2003-02-13,,,Forward
Robbie Gotts,England,1999-11-09,,,Midfielder
Sam Graham,England,2000-08-13,,,Defender
Kamil Grosicki,Poland,1988-06-08,180cm,,Midfielder
Jay-Roy Grot,Netherlands,1998-03-13,193cm,,Forward
Antwoine Hackford,England,2004-03-20,,,Forward
Sébastien Haller,Cote D’Ivoire,1994-06-22,190cm,,Forward
Joseph Hardy,England,1998-09-26,170cm,,Forward
George Harmon,England,2000-12-08,,,Defender
Rekeem Harper,England,2000-03-08,188cm,,Midfielder
Jayden Harris,England,1999-09-04,,,Midfielder
Kaine Hayden,England,2003-05-25,,,Midfielder
Michael Hector,Jamaica,1992-07-19,193cm,,Defender
Thomas Hill,England,2002-10-13,,,Forward
George Hirst,England,1999-02-15,191cm,,Forward
Bryce Hosannah,England,1999-04-08,,,Defender
Liam Hughes,Northern Ireland,2001-08-19,,,Goalkeeper
Odion Ighalo,Nigeria,1989-06-16,181cm,,Forward
Ryan Inniss,England,1995-06-05,196cm,,Defender
Ivan Cavaleiro,Portugal,1993-10-18,175cm,,Forward
Branislav Ivanovic,Serbia,1984-02-22,185cm,,Defender
Phil Jagielka,England,1982-08-17,180cm,,Defender
Sylvester Jasper,Bulgaria,2001-09-13,,,Forward
Daniel Jebbison,England,2003-07-11,190cm,,Forward
Lukas Jensen,Denmark,1999-03-18,198cm,,Goalkeeper
Roberto Jiménez,Spain,1986-02-10,192cm,,Goalkeeper
Stefan Johansen,Norway,1991-01-08,182cm,,Midfielder
Darnell Johnson,England,1998-09-03,,,Defender
Sam Johnstone,England,1993-03-25,193cm,,Goalkeeper
Jota,Spain,1991-06-16,180cm,,Midfielder
Aboubakar Kamara,Mauritania,1995-03-07,177cm,,Forward
Beram Kayal,Israel,1988-05-02,178cm,,Midfielder
Neeskens Kebano,DR Congo,1992-03-10,170cm,,Midfielder
Cédric Kipré,Cote D’Ivoire,1996-12-09,193cm,,Defender
Anthony Knockaert,France,1991-11-20,172cm,,Midfielder
Terence Kongolo,Netherlands,1994-02-14,188cm,,Defender
Filip Krovinovic,Croatia,1995-08-29,175cm,,Midfielder
Ethan Laird,England,2001-08-05,177cm,,Defender
Yasser Larouci,France,2001-01-01,176cm,,Defender
Henry Lawrence,England,2001-09-21,,,Defender
Valentino Lazaro,Austria,1996-03-24,180cm,,Midfielder
Maxime Le Marchand,France,1989-10-11,185cm,,Defender
Jonathan Leko,England,1999-04-24,182cm,,Forward
George Lewis,Rwanda,2000-06-16,,,Forward
Jake Livermore,England,1989-11-14,181cm,,Midfielder
Ryan Longman,England,2000-11-06,180cm,,Forward
Luis Longstaff,England,2001-02-24,168cm,,Midfielder
Dejan Lovren,Croatia,1989-07-05,188cm,,Defender
Max Lowe,England,1997-05-11,175cm,,Defender
Luca Ashby-Hammond,England,2001-03-25,,,Goalkeeper
John Lundstram,England,1994-02-18,181cm,,Midfielder
Ian Maatsen,Netherlands,2002-03-10,167cm,,Defender
Matt Macey,England,1994-09-09,205cm,,Goalkeeper
Wanya Madavidua,England,,,,Midfielder
Jacob Maddox,England,1998-11-03,179cm,,Midfielder
Josh Maja,Nigeria,1998-12-27,180cm,,Forward
George Marsh,England,1998-11-05,178cm,,Midfielder
David Martin,England,1986-01-22,185cm,85kg,Goalkeeper
Matheus Pereira,Brazil,1996-05-05,175cm,,Midfielder
Alfie Mawson,England,1994-01-19,189cm,,Defender
Oliver McBurnie,Scotland,1996-06-04,188cm,,Forward
Luke McCormick,England,1999-01-21,,,Midfielder
Kevin McDonald,Scotland,1988-11-04,192cm,,Midfielder
George McEachran,England,2000-08-30,172cm,,Midfielder
David McGoldrick,Ireland,1987-11-29,183cm,,Forward
Mark McGuinness,Ireland,2001-01-05,194cm,,Defender
Zech Medley,England,2000-07-09,195cm,,Defender
D'Mani Mellor,England,2000-09-20,,,Forward
Max Meyer,Germany,1995-09-18,173cm,,Midfielder
Kamil Miazek,Poland,1996-08-15,192cm,,Goalkeeper
Liam Millar,Canada,1999-09-27,81cm,,Forward
Henrikh Mkhitaryan,Armenia,1989-01-21,177cm,,Midfielder
Martín Montoya,Spain,1991-04-14,175cm,,Defender
Simon Moore,England,1990-05-19,191cm,,Goalkeeper
Aaron Mooy,Australia,1990-09-15,174cm,,Midfielder
Lys Mousset,France,1996-02-08,184cm,,Forward
Admiral Muskwe,Zimbabwe,1998-08-21,183cm,,Forward
Shkodran Mustafi,Germany,1992-04-17,184cm,,Defender
Iliman Ndiaye,France,2000-03-06,180cm,,Midfielder
Magnus Norman,England,1997-01-19,192cm,,Goalkeeper
Rhys Norrington-Davies,Wales,1999-04-22,181cm,,Defender
Oliver Norwood,Northern Ireland,1991-04-12,180cm,,Midfielder
Jack O'Connell,England,1994-03-29,190cm,,Defender
Warren O'Hora,Ireland,1999-04-19,,,Defender
Matt O'Riley,Denmark,2000-11-21,,,Midfielder
Dara O'Shea,Ireland,1999-03-04,188cm,,Defender
Denis Odoi,Ghana,1988-05-27,178cm,,Defender
Jubril Okedina,England,2000-10-26,,,Defender
James Olayinka,England,2000-10-05,,,Midfielder
Josh Onomah,England,1997-04-27,185cm,,Midfielder
Jerome Opoku,England,1998-10-14,194cm,,Defender
Ben Osborn,England,1994-08-05,176cm,,Midfielder
William Osula,Denmark,2003-08-04,,,Forward
Nicolás Otamendi,Argentina,1988-02-12,183cm,,Defender
Mesut Özil,Germany,1988-10-15,180cm,,Midfielder
Sokratis Papastathopoulos,Greece,1988-06-09,186cm,,Defender
Mario Pasalic,Croatia,1995-02-09,188cm,,Midfielder
Pedro,Spain,1987-07-28,169cm,,Forward
Lee Peltier,England,1986-12-11,178cm,,Defender
Pepe Reina,Spain,1982-08-31,188cm,,Goalkeeper
Brandon Pierrick,England,2001-12-10,182cm,,Forward
Pedro Porro,Spain,1999-09-13,173cm,,Defender
Arnau Puigmal,Spain,2001-01-10,173cm,,Midfielder
Sandro Ramírez,Spain,1995-07-09,175cm,,Forward
Tim Ream,United States,1987-10-05,186cm,,Defender
Harrison Reed,England,1995-01-27,181cm,,Midfielder
Dominic Revan,England,2000-09-19,,,Defender
Jack Robinson,England,1993-09-01,168cm,,Defender
Hal Robson-Kanu,Wales,1989-05-21,183cm,,Forward
Marek Rodák,Slovakia,1996-12-13,194cm,,Goalkeeper
Jack Rodwell,England,1991-03-11,188cm,,Midfielder
Marcos Rojo,Argentina,1990-03-20,186cm,,Defender
Austin Samuels,England,2000-11-20,,,Forward
Max Sanders,England,1999-01-04,175cm,,Midfielder
Leroy Sané,Germany,1996-01-11,183cm,,Forward
Romaine Sawyers,St. Kitts & Nevis,1991-11-02,175cm,,Midfielder
Ezequiel Schelotto,Argentina,1989-05-23,187cm,,Defender
Jean Michaël Seri,Cote D’Ivoire,1991-07-19,168cm,,Midfielder
Femi Seriki,England,2002-04-28,183cm,,Defender
Billy Sharp,England,1986-02-05,175cm,,Forward
Conor Shaughnessy,Ireland,1996-06-30,191cm,,Midfielder
Saul Shotton,England,2000-11-10,184cm,,Defender
Djibril Sidibé,France,1992-07-29,182cm,,Defender
David Silva,Spain,1986-01-08,173cm,,Midfielder
Regan Slater,England,1999-09-11,173cm,,Midfielder
Islam Slimani,Algeria,1988-06-18,188cm,,Forward
Chris Smalling,England,1989-11-22,194cm,,Defender
Matthew Smith,England,2000-10-05,,,Midfielder
Robert Snodgrass,Scotland,1987-09-07,182cm,,Midfielder
Jamie Soule,England,2000-11-26,,,Forward
Jack Spong,England,2002-02-04,,,Midfielder
Jay Stansfield,England,2002-11-24,,,Forward
Maarten Stekelenburg,Netherlands,1982-09-22,197cm,,Goalkeeper
Raheem Sterling,England,1994-12-08,170cm,69kg,Forward
Steven Sessegnon,England,2000-05-18,175cm,,Defender
Jordan Stevens,England,2000-03-25,178cm,,Forward
Layton Stewart,England,2002-09-03,,,Forward
Nikola Tavares,Croatia,1999-01-17,,,Defender
Martell Taylor-Crossdale,England,1999-12-26,,,Midfielder
Kenny Tete,Netherlands,1995-10-09,180cm,,Defender
Max Thompson,England,2002-02-09,,,Forward
Rayhaan Tulloch,England,2001-01-20,178cm,,Forward
Sepp van den Berg,Netherlands,2001-12-20,189cm,,Defender
Marco van Ginkel,Netherlands,1992-12-01,180cm,,Midfielder
Jan Paul van Hecke,Netherlands,2000-06-08,,,Defender
Michael Verrips,Netherlands,1996-12-03,195cm,,Goalkeeper
Jan Vertonghen,Belgium,1987-04-24,189cm,,Defender
Michel Vorm,Netherlands,1983-10-20,183cm,,Goalkeeper
Neco Williams,Wales,2001-04-13,183cm,,Defender
Jack Wilshere,England,1992-01-01,172cm,,Midfielder
Harry Winks,England,1996-02-02,178cm,65kg,Midfielder
Ben Winterbottom,England,2001-07-16,,,Goalkeeper
Chris Wood,New Zealand,1991-12-07,191cm,81kg,Forward
Ben Woodburn,Wales,1999-10-15,174cm,,Midfielder
Sam Woods,England,1998-09-11,,,Defender
Xande Silva,Portugal,1997-03-16,177cm,,Forward
Granit Xhaka,Switzerland,1992-09-27,185cm,82kg,Midfielder
Romaric Yapi,France,2000-07-13,178cm,,Defender
Andriy Yarmolenko,Ukraine,1989-10-23,189cm,81kg,Forward
DeAndre Yedlin,United States,1993-07-09,172cm,,Defender
Okay Yokuslu,Turkey,1994-03-09,190cm,,Midfielder
Maya Yoshida,Japan,1988-08-24,189cm,,Defender
Brad Young,England,2003-01-06,,,Forward
Wilfried Zaha,Cote D’Ivoire,1992-11-10,180cm,66kg,Forward
André-Frank Zambo Anguissa,Cameroon,1995-11-16,184cm,,Midfielder
Davide Zappacosta,Italy,1992-06-11,185cm,,Defender
Andi Zeqiri,Switzerland,1999-06-22,181cm,,Forward
Karlo Ziger,Croatia,2001-05-11,,,Goalkeeper
Oleksandr Zinchenko,Ukraine,1996-12-15,175cm,64kg,Midfielder
Richairo Zivkovic,Netherlands,1996-09-05,187cm,,Forward
Hakim Ziyech,Morocco,1993-03-19,180cm,65kg,Midfielder
Kenneth Zohore,Denmark,1994-01-31,189cm,,Forward
Kurt Zouma,France,1994-10-27,190cm,96kg,Defender
Oliwier Zych,Poland,2004-06-28,,,Goalkeeper
Martin Ødegaard,Norway,1998-12-17,178cm,68kg,Midfielder